"tweet_id","in_reply_to_status_id","in_reply_to_user_id","timestamp","source","text","retweeted_status_id","retweeted_status_user_id","retweeted_status_timestamp","expanded_urls"
"903523431596965889","","","2017-09-01 07:42:27 +0000","<a href=""http://twitter.com"" rel=""nofollow"">Twitter Web Client</a>","ã€Macã€‘ã€Python 3.6.1ã€‘mecab-python3ã‚¤ãƒ³ã‚¹ãƒˆãƒ¼ãƒ« https://t.co/NHTNnkgNjB","","","","http://tokyo-engineer.com/python3-6-1-mecab-python3-install/"
"903422453157838848","","","2017-09-01 01:01:12 +0000","<a href=""http://www.twitpane.com"" rel=""nofollow"">TwitPane Android</a>","ãƒãƒå…¬å£ã¨ã‹è¨€ã‚ã‚Œã¦ã‚‚ã‚ã‹ã‚“ã­ã‡ã‚ˆï¼æ±ã¨è¥¿ã©ã¡ã‚‰ã ","","","",""
"903420978427858944","","","2017-09-01 00:55:20 +0000","<a href=""http://www.twitpane.com"" rel=""nofollow"">TwitPane Android</a>","å‡½é¤¨çµ„æ¸‹è°·ã«é›†çµã—ã™ãã§ã—ã‚‡","","","",""
"903420761372688386","","","2017-09-01 00:54:28 +0000","<a href=""http://www.twitpane.com"" rel=""nofollow"">TwitPane Android</a>","RT @okumuratorucc: https://t.co/CGgH6aqjUA","903164754436341760","383106621","2017-08-31 07:57:12 +0000","https://twitter.com/okumuratorucc/status/903164754436341760/photo/1,https://twitter.com/okumuratorucc/status/903164754436341760/photo/1,https://twitter.com/okumuratorucc/status/903164754436341760/photo/1,https://twitter.com/okumuratorucc/status/903164754436341760/photo/1,https://twitter.com/okumuratorucc/status/903164754436341760/photo/1,https://twitter.com/okumuratorucc/status/903164754436341760/photo/1"
"903419851267481600","","","2017-09-01 00:50:51 +0000","<a href=""http://twitter.com/download/android"" rel=""nofollow"">Twitter for Android</a>","RT @ayafmy: åœ°å…ƒãƒã‚§ãƒ¼ãƒ³åº—ã«è¡Œã£ãŸã‚‰ã‚¸ãƒ£ã‚¹ã‚³é¢¨ã‚ˆã†ã“ãã‚¸ãƒ£ãƒ‘ãƒªãƒ‘ãƒ¼ã‚¯ã¸ãŒæµã‚Œã¦ãŸ https://t.co/Qs31uOzi7g","903320679386275840","84863232","2017-08-31 18:16:47 +0000","https://twitter.com/ayafmy/status/903320679386275840/video/1,https://twitter.com/ayafmy/status/903320679386275840/video/1"
"903418654552817664","","","2017-09-01 00:46:06 +0000","<a href=""http://www.twitpane.com"" rel=""nofollow"">TwitPane Android</a>","é ‘å¼µã£ã¦ä¸€æœ¬å‰ã«ä¹—ã‚‹ã¹ãã ã£ãŸ","","","",""
"903418603612934146","","","2017-09-01 00:45:54 +0000","<a href=""http://www.twitpane.com"" rel=""nofollow"">TwitPane Android</a>","ã¡ã‚‡ã£ã¨é¢¨å‘‚ã«ã‚ãšã¾ã—ãå…¥ã‚Šã™ããŸã€‚æ¸‹è°·é§…åˆ°ç€ã—ã¦ã‹ã‚‰ãƒ“ãƒ«ã«å‘ã‹ã†ã¾ã§5åˆ†ã—ã‹ãªã„ã‚ˆã†ã ","","","",""
"903418008491630592","","","2017-09-01 00:43:32 +0000","<a href=""http://www.twitpane.com"" rel=""nofollow"">TwitPane Android</a>","RT @ayamy_garubinu: ãƒŸã‚¯ã¡ã‚ƒã‚“10å‘¨å¹´ãŠã‚ã§ã¨ã†ã”ã–ã„ã¾ã™ğŸ‚ğŸğŸ‰ğŸ¾ğŸ’"
#åˆéŸ³ãƒŸã‚¯10å‘¨å¹´ #åˆéŸ³ãƒŸã‚¯ç”Ÿèª•ç¥­2017 https://t.co/eO0MPk8eWr","903201583265005568","214708125","2017-08-31 10:23:32 +0000","https://twitter.com/ayamy_garubinu/status/903201583265005568/photo/1,https://twitter.com/ayamy_garubinu/status/903201583265005568/photo/1"
"903417673991598080","","","2017-09-01 00:42:12 +0000","<a href=""http://www.twitpane.com"" rel=""nofollow"">TwitPane Android</a>","RT @tmreeeeep: ä¼šç¤¾ã®ãƒ“ãƒ«è¿‘è¾ºã§ãƒã‚ºãƒŸãŒå‡ºã‚‹å•é¡Œã€ãƒ“ãƒ«å†…ã®ã‚¤ã‚¿ãƒªã‚¢ãƒ³ã¨éš£ã®è•éº¦å±‹ã®é£²é£Ÿåº—çµ„ãŒã€ã©ã£ã¡ã‹ã‚‰ãƒã‚ºãƒŸãŒç™ºç”Ÿã—ã¦ã‚‹ã‹ã€Ÿã§äº‰ã£ã¦ã‚‹ã‚‰ã—ã„ã‚“ã ã‘ã©ã€ã†ã¡ã®ç¤¾é•·ã®è¨€ã£ãŸã€Œã¾ãã€œã€œä¿ºãŒãƒã‚ºãƒŸãªã‚‰æ˜¼ã¯è•éº¦ã§å¤œã«ã‚¤ã‚¿ãƒªã‚¢ãƒ³ã ãªï¼ï¼ã€ãŒã˜ã‚ã˜ã‚ãã¦ã‚‹","903103856401309696","4399397112","2017-08-31 03:55:12 +0000",""
"903417552394522625","","","2017-09-01 00:41:43 +0000","<a href=""http://www.twitpane.com"" rel=""nofollow"">TwitPane Android</a>","RT @Tsuka203: è‹±äººã®åŒåƒšãŒã”é£¯é£Ÿã¹ã¦ãŸã‹ã‚‰ã€ä»äººã«Bon-appetitã£ã¦è‹±èªã§ãªã‚“ã¦è¨€ã†ã®ï¼Ÿã£ã¦èã„ãŸã‚‰ãŠã—ã‚ƒã¹ã‚Šã‚¯ã‚½ãƒ•ãƒ©ãƒ³ã‚¹äººãŒã€Œç›´è¨³ã§Have a nice mealã ã‘ã©ã‚¤ã‚®ãƒªã‚¹ã«ã¯nice mealãªã‚“ã¦å­˜åœ¨ã—ã­ãƒ¼ã‹ã‚‰ãã®è¨€è‘‰ã‚‚ã­ãƒ¼ã‚ˆç¬‘ã€ã¨ã‹è¨€ã£ãŸã›ã„â€¦","902861442646368256","314559966","2017-08-30 11:51:56 +0000",""
"903416752209510400","","","2017-09-01 00:38:33 +0000","<a href=""http://www.twitpane.com"" rel=""nofollow"">TwitPane Android</a>","RT @nevadan2: æ—¥æœ¬å¤§å¥½ãã—ã‚‡ã£ã¡ã‚…ã†è¡Œã£ã¦ã‚‹ã£ã¦å¤–å›½ã®ç›£ç£ã‚„æ¼«ç”»å®¶ã•ã‚“ãŒã€è‡ªä½œã®æ—¥æœ¬é¢¨æ™¯ã‚’ã‚ã‘ã‚ã‹ã‚‰ã‚“ä¸­è¯ãƒŸãƒƒã‚¯ã‚¹éƒ½å¸‚ã«ã—ãŸã‚Šå¤‰ãªè¬æ¼¢å­—çœ‹æ¿å‡ºã—ãŸã‚Šã—ã¦ã¦ã€ã‚³ãƒ¡ãƒ³ã‚¿ãƒªãƒ¼ã¨ã‹ã§ã€Œé•ã†ã®ã¯åˆ†ã‹ã£ã¦ã‚‹ï¼ã§ã‚‚ã“ã†ã„ã†ã‚¨ã‚»æ—¥æœ¬ã˜ã‚ƒãªã„ã¨å—ã‘å…¥ã‚Œãªã„ã‚¢ãƒ›ãŒã„ã£ã±ã„ã„ã‚‹ã‚“ã ï¼ï¼â€¦","903105985568358400","1960850821","2017-08-31 04:03:40 +0000",""
"903416582579171329","","","2017-09-01 00:37:52 +0000","<a href=""http://www.twitpane.com"" rel=""nofollow"">TwitPane Android</a>","RT @YES777777777: ãƒŸã‚µã‚¤ãƒ«ç™ºå°„ã®å¯¾å¿œãŒæ—©ã‹ã£ãŸäº‹ã«ã¤ã„ã¦ã€è…å®˜æˆ¿é•·å®˜ã€Œï¼’å¹´å‰ã®ç‰¹å®šç§˜å¯†ä¿è­·æ³•ã€ãƒã‚¹ã‚³ãƒŸã‹ã‚‰æ¥µã‚ã¦è©•åˆ¤ã®æ‚ªã„æ³•å¾‹ã ã£ãŸã€‚æƒ…å ±æ¼æ´©ã‚’ã—ãŸå ´åˆã€æ—¥æœ¬ã¯æœ€å¤§æ‡²å½¹ï¼‘å¹´ã§æƒ…å ±ãŒæ¥ãªã‹ã£ãŸã€‚æ³•å¾‹æˆç«‹ã—ã¦ã‹ã‚‰æ©Ÿå¾®ãªæƒ…å ±ãŒæˆ‘å›½ã«å…¥ã£ã¦ãã‚‹ã‚ˆã†ã«ãªã£ãŸã€
ãƒ¡ãƒ‡ã‚£ã‚¢â€¦","903254271621177344","3311473171","2017-08-31 13:52:54 +0000","https://twitter.com/YES777777777/status/903254271621177344/video/1"
"903416104889892864","","","2017-09-01 00:35:58 +0000","<a href=""http://www.twitpane.com"" rel=""nofollow"">TwitPane Android</a>","ãã‚Œã¡ã‚ƒã‚“å£Šã‚ŒãŸ","","","",""
"903416073826865152","","","2017-09-01 00:35:51 +0000","<a href=""http://www.twitpane.com"" rel=""nofollow"">TwitPane Android</a>","RT @kurashi_kure: å®Œå…¨ã«å£Šã‚ŒãŸğŸ¤¤æ˜æ—¥ã‹ã‚‰å¤ã‚³ãƒŸãŒé–‹å‚¬","903398143953211392","859269188992421889","2017-08-31 23:24:36 +0000",""
"903414394704551937","","","2017-09-01 00:29:10 +0000","<a href=""http://foursquare.com"" rel=""nofollow"">Foursquare</a>","ãƒ›ãƒ¼ãƒ ãƒ‰ã‚¢ãŒä»•äº‹ã—ã¦ãªã„ (@ ä¸Šé‡åºƒå°è·¯é§… - @g_line_info in å°æ±åŒº, æ±äº¬éƒ½) https://t.co/13a5xE45rh","","","","https://www.swarmapp.com/c/eIKMEhqMX7e"
"903398378930765825","","","2017-08-31 23:25:32 +0000","<a href=""http://www.twitpane.com"" rel=""nofollow"">TwitPane Android</a>","åœ°å‘³ã«ä»Šå‡ºç™ºã—ã¦ã£ãŸæ—¥æ¯”è°·ç·šè»Šä¸¡ã€æ–°å‹ã§ã¯","","","",""
"903398239801458689","","","2017-08-31 23:24:59 +0000","<a href=""http://www.twitpane.com"" rel=""nofollow"">TwitPane Android</a>","RT @HTB_kouhou: å¤ä¼‘ã¿å§‹ã¾ã‚‹
å¤ä¼‘ã¿çµ‚ã‚ã‚‹ https://t.co/PdkMXboAyZ","903257598908014592","109478529","2017-08-31 14:06:07 +0000","https://twitter.com/HTB_kouhou/status/903257598908014592/photo/1,https://twitter.com/HTB_kouhou/status/903257598908014592/photo/1,https://twitter.com/HTB_kouhou/status/903257598908014592/photo/1,https://twitter.com/HTB_kouhou/status/903257598908014592/photo/1"
"903398108884738049","","","2017-08-31 23:24:28 +0000","<a href=""http://www.twitpane.com"" rel=""nofollow"">TwitPane Android</a>","ãƒãƒ¼äººæ¨©ãƒˆãƒ¬ã‚¤ãƒ³ã¯ã¤ã‚‰","","","",""
"903397734887165952","","","2017-08-31 23:22:58 +0000","<a href=""http://foursquare.com"" rel=""nofollow"">Foursquare</a>","é¢¨å‘‚å…¥ã‚Šã«æˆ»ã‚‹ (@ åŒ—åƒä½é§… in è¶³ç«‹åŒº, æ±äº¬éƒ½) https://t.co/pfMlLKNmYl","","","","https://www.swarmapp.com/c/cjXrbuHLuFl"
"903397617782194177","","","2017-08-31 23:22:31 +0000","<a href=""http://foursquare.com"" rel=""nofollow"">Foursquare</a>","è¿”å´done (@ ã‚¿ã‚¤ãƒ ã‚ºã‚«ãƒ¼ãƒ¬ãƒ³ã‚¿ãƒ« åŒ—åƒä½é§…å‰åº— in è¶³ç«‹åŒº, æ±äº¬éƒ½) https://t.co/EsYndLeXRy","","","","https://www.swarmapp.com/c/ixnEnasv69W"
"903321888012738560","","","2017-08-31 18:21:35 +0000","<a href=""http://www.twitpane.com"" rel=""nofollow"">TwitPane Android</a>","å¯ã‚‹","","","",""
"903318697137258496","","","2017-08-31 18:08:54 +0000","<a href=""http://www.twitpane.com"" rel=""nofollow"">TwitPane Android</a>","ä½•ãŒã‚„ã°ã„ã£ã¦ã€ä¸­å›½äººã ã‚‰ã‘ãã†ï¼ˆï¼‰","","","",""
"903318627893428224","","","2017-08-31 18:08:38 +0000","<a href=""http://www.twitpane.com"" rel=""nofollow"">TwitPane Android</a>","ä¸Šé‡ã®ãƒ¤ãƒãã†ãªã‚«ãƒ—ã‚»ãƒ«","","","",""
"903317678315548672","","","2017-08-31 18:04:51 +0000","<a href=""http://www.twitpane.com"" rel=""nofollow"">TwitPane Android</a>","ã‚‚ã†3æ™‚ã‹ã","","","",""
"903308790115602433","","","2017-08-31 17:29:32 +0000","<a href=""http://twitter.com/download/android"" rel=""nofollow"">Twitter for Android</a>","ã‚„ã¯ã‚Šæ±äº¬é¦¬é¹¿ãªã®ã‹","","","",""
"903308756770947072","","","2017-08-31 17:29:24 +0000","<a href=""http://twitter.com/download/android"" rel=""nofollow"">Twitter for Android</a>","æ±äº¬ã®ã‚¿ã‚¯ã‚·ãƒ¼ã ã‘è¬ã«è¿è»Šæ–™é‡‘ã¿ã‚“ãªå–ã‚‹ã‘ã©ã€ãã‚Œå»ƒæ­¢ã—ã¦å¾˜å¾Šã‚¿ã‚¯ã‚·ãƒ¼99å‰²å‰Šæ¸›ã™ã‚Œã°çµŒæ¸ˆçš„ã«ã‚‚ç’°å¢ƒçš„ã«ã‚‚å®¢çš„ã«ã‚‚ã‚¿ã‚¯ã‚·ãƒ¼ãƒ‰ãƒ©ã‚¤ãƒãƒ¼çš„ã«ã‚‚ãƒ—ãƒ©ã‚¹ã—ã‹ãªããªã„ã‹","","","",""
"903308517628534784","","","2017-08-31 17:28:27 +0000","<a href=""http://twitter.com/download/android"" rel=""nofollow"">Twitter for Android</a>","ã¯ãƒ¼æ±äº¬ã‚¿ã‚¯ã‚·ãƒ¼å¤šã™ãã‚‹","","","",""
"903277591133429760","","","2017-08-31 15:25:34 +0000","<a href=""http://twitter.com/download/android"" rel=""nofollow"">Twitter for Android</a>","è¦‹ãŸç›®ã‹ã‚‰ã—ã¦ç¾å‘³ãã†ã ã¨æ€ã£ãŸã‘ã©ã€ã‚„ã£ã±ã‚Šã†ã‚ã‡","","","",""
"903274914207023104","","","2017-08-31 15:14:56 +0000","<a href=""http://twitter.com/download/android"" rel=""nofollow"">Twitter for Android</a>","ã¸ã£ã¸ãƒ¼æ™©é£¯é£¯ãƒ†ãƒ­ https://t.co/AgYdbxaKve","","","","https://twitter.com/mecaota/status/903274914207023104/photo/1"
"903274788134821888","","","2017-08-31 15:14:26 +0000","<a href=""http://foursquare.com"" rel=""nofollow"">Foursquare</a>","é«˜é€Ÿé“è·¯ã¯å‰å¤§ãªã‚Š (@ ä½é‡SA (ä¸Šã‚Š) - @driveplaza in ä½é‡å¸‚, æ ƒæœ¨çœŒ) https://t.co/W4FtRPTLWk","","","","https://www.swarmapp.com/c/5DUqHMUhZUt"
"903261874539474944","","","2017-08-31 14:23:07 +0000","<a href=""http://twitter.com/download/android"" rel=""nofollow"">Twitter for Android</a>","å¸°è·¯ã«ã¤ãã¾ã™","","","",""
"903260645440741376","","","2017-08-31 14:18:14 +0000","<a href=""http://twitter.com/download/android"" rel=""nofollow"">Twitter for Android</a>","ã“ã¡ã‚‰ã‚‚done https://t.co/GrERSpNuk9","","","","https://twitter.com/mecaota/status/903260645440741376/photo/1,https://twitter.com/mecaota/status/903260645440741376/photo/1"
"903251675095240704","","","2017-08-31 13:42:35 +0000","<a href=""http://twitter.com/download/android"" rel=""nofollow"">Twitter for Android</a>","done https://t.co/SBx8t0ZJVu","","","","https://twitter.com/mecaota/status/903251675095240704/photo/1"
"903248329676648448","","","2017-08-31 13:29:17 +0000","<a href=""http://foursquare.com"" rel=""nofollow"">Foursquare</a>","æ ƒæœ¨ç§°å·ã®ç‚ºã ã‘ã«æ¥ãŸ (@ ã‚»ã‚¬ãƒ¯ãƒ¼ãƒ«ãƒ‰ä»Šå¸‚ in æ—¥å…‰å¸‚, æ ƒæœ¨çœŒ) https://t.co/vRxYfxQL67","","","","https://www.swarmapp.com/c/dKPjvOYwdz1"
"903241026227376128","","","2017-08-31 13:00:16 +0000","<a href=""http://foursquare.com"" rel=""nofollow"">Foursquare</a>","I'm at ã„ã‚ã¯å‚ in æ—¥å…‰å¸‚, æ ƒæœ¨çœŒ https://t.co/s8tIhsHoPS","","","","https://www.swarmapp.com/c/0j9m0nvlpnm"
"903240782638919680","","","2017-08-31 12:59:18 +0000","<a href=""http://foursquare.com"" rel=""nofollow"">Foursquare</a>","I'm at ãƒ•ã‚¡ãƒŸãƒªãƒ¼ãƒãƒ¼ãƒˆ æ—¥å…‰æ¸…æ»åº— - @famima_now in æ—¥å…‰å¸‚, æ ƒæœ¨çœŒ https://t.co/oxwGLpRuRr","","","","https://www.swarmapp.com/c/fQqY4YgswNF"
"903240675910598657","","","2017-08-31 12:58:53 +0000","<a href=""http://twitter.com/download/android"" rel=""nofollow"">Twitter for Android</a>","ã¨ã“ã‚ã§ãƒãƒ¼ãƒˆã‚«ãƒ¼ãƒ–ã®å®‰å®šæ€§è‰¯ããªã„ã§ã™ã‹","","","",""
"903240146069348352","","","2017-08-31 12:56:46 +0000","<a href=""http://twitter.com/download/android"" rel=""nofollow"">Twitter for Android</a>","ã«ã—ã¦ã‚‚ã€å¤–éƒ¨ãƒ¡ãƒ‡ã‚£ã‚¢ã‚‚ã‚´ãƒŸç®±è¡Œãã•ã‚Œã¦ã€è‡ªå‹•å‰Šé™¤ã•ã‚Œãªã„ãƒãƒƒã‚¯ã‚¯ã‚½ã€‚","","","",""
"903240045364101120","","","2017-08-31 12:56:22 +0000","<a href=""http://twitter.com/download/android"" rel=""nofollow"">Twitter for Android</a>","ã§ã‚‚ã€æº€è¶³â€¦","","","",""
"903239995908960256","","","2017-08-31 12:56:11 +0000","<a href=""http://twitter.com/download/android"" rel=""nofollow"">Twitter for Android</a>","ã„ã‚ã¯å‚ã€å”çªã«å§‹ã¾ã£ã¦ç„¦ã£ãŸã—ã€èµ°ã£ã¦ã¿ãŸã‚‰æ¡ˆå¤–è·é›¢çŸ­ãã¦ã‹ãªã‚Šæ‹å­æŠœã‘","","","",""
"903236375155113985","","","2017-08-31 12:41:47 +0000","<a href=""http://twitcasting.tv/"" rel=""nofollow"">TwitCasting</a>","ãƒ¢ã‚¤ï¼Androidã‹ã‚‰ã‚­ãƒ£ã‚¹é…ä¿¡ä¸­ - https://t.co/8H2ka1vWxD","","","","http://cas.st/17d6fce7"
"903228036153090048","","","2017-08-31 12:08:39 +0000","<a href=""http://twitcasting.tv/"" rel=""nofollow"">TwitCasting</a>","ãƒ¢ã‚¤ï¼Androidã‹ã‚‰ã‚­ãƒ£ã‚¹é…ä¿¡ä¸­ - https://t.co/DP7lqQhiH3","","","","http://cas.st/17d6d134"
"903223596129988608","","","2017-08-31 11:51:01 +0000","<a href=""http://twitter.com/download/android"" rel=""nofollow"">Twitter for Android</a>","ã‚°ãƒ³ãƒãƒ¼ã‚’å‡ºå›½ã—ã¾ã™ https://t.co/gbkG5FeACF","","","","https://twitter.com/mecaota/status/903223398548910081"
"903223398548910081","","","2017-08-31 11:50:13 +0000","<a href=""http://twitcasting.tv/"" rel=""nofollow"">TwitCasting</a>","ãƒ¢ã‚¤ï¼Androidã‹ã‚‰ã‚­ãƒ£ã‚¹é…ä¿¡ä¸­ - https://t.co/YOTA9oMOZt","","","","http://cas.st/17d6bcfb"
"903210641585979392","","","2017-08-31 10:59:32 +0000","<a href=""http://twitter.com/download/android"" rel=""nofollow"">Twitter for Android</a>","ã„ã‚ã¯å‚ã‹ãª","","","",""
"903210618777305089","","","2017-08-31 10:59:27 +0000","<a href=""http://twitter.com/download/android"" rel=""nofollow"">Twitter for Android</a>","ä»Šã‹ã‚‰é«˜é€Ÿã«ä¹—ã‚‹ã¨2æ™‚é–“ã¯ä½é‡ã‚µãƒ¼ãƒ“ã‚¹ã‚¨ãƒªã‚¢ã§ç”¨äº‹ä½œã‚‹å¿…è¦ãŒã‚ã‚‹ã€‚
ä»Šã‹ã‚‰ã„ã‚ã¯å‚ã«è¡Œãã¨å¤œã®ã„ã‚ã¯å‚ã‚’æ¥½ã—ã¿ãªãŒã‚‰ã€æ ƒæœ¨ç§°å·ã‚’ã‚²ãƒƒãƒˆã§ãã‚‹ãŒã€å¸°ã‚ŠãŒ2æ™‚é ƒã«ãªã‚Šãã†","","","",""
"903205072716292096","","","2017-08-31 10:37:24 +0000","<a href=""http://twitcasting.tv/"" rel=""nofollow"">TwitCasting</a>","ãƒ¢ã‚¤ï¼Androidã‹ã‚‰ã‚­ãƒ£ã‚¹é…ä¿¡ä¸­ - https://t.co/Htk8c3H31q","","","","http://cas.st/17d67729"
"903197408070311937","","","2017-08-31 10:06:57 +0000","<a href=""http://twitcasting.tv/"" rel=""nofollow"">TwitCasting</a>","ãƒ¢ã‚¤ï¼Androidã‹ã‚‰ã‚­ãƒ£ã‚¹é…ä¿¡ä¸­ - https://t.co/fdgb0Q1ygy","","","","http://cas.st/17d65ea0"
"903195534659174400","","","2017-08-31 09:59:30 +0000","<a href=""http://twitter.com/download/android"" rel=""nofollow"">Twitter for Android</a>","æ‚²å ±ã€€ã¾ã£ãã‚‰ https://t.co/0WyqUDsR0w","","","","https://twitter.com/mecaota/status/903195534659174400/photo/1"
"903194008750395392","","","2017-08-31 09:53:26 +0000","<a href=""http://twitter.com/download/android"" rel=""nofollow"">Twitter for Android</a>","ã¯ï¼Ÿ https://t.co/lIEaX7RKfB","","","","https://twitter.com/mecaota/status/903194008750395392/photo/1"
"903192740225212416","","","2017-08-31 09:48:24 +0000","<a href=""https://periscope.tv"" rel=""nofollow"">Periscope</a>","https://t.co/I6gztwjhHf","","","","https://www.pscp.tv/w/bHaBaDFEWkVvWUJHWHB4S2F8MW1yeG1tWlZMTnp4eZNdZzQTxfm1e3AChiXEzjCN2zvn3MNTjnYPe1PEHh55"
"903192175889965056","","","2017-08-31 09:46:09 +0000","<a href=""http://twitter.com/download/android"" rel=""nofollow"">Twitter for Android</a>","ãƒ©ã‚¤ãƒ–åˆ‡ã‚ŒãŸã‘ã©ç€ã„ãŸã‚ˆ https://t.co/392ShkuOCU","","","","https://twitter.com/mecaota/status/903192175889965056/photo/1"
"903186213862903808","","","2017-08-31 09:22:28 +0000","<a href=""https://periscope.tv"" rel=""nofollow"">Periscope</a>","https://t.co/hWPK266zZH","","","","https://www.pscp.tv/w/bHZ7VDFEWkVvWUJHWHB4S2F8MU1ZeE5YaldXcG5Hd2srgN5K5F7KB1sUG03JJmmKA_oAQtNr1yX52-wjKpFc"
"903186022372065280","903178681643802624","1625399156","2017-08-31 09:21:42 +0000","<a href=""http://twitter.com/download/android"" rel=""nofollow"">Twitter for Android</a>","@Our4k ã„ãˆã™ï¼","","","",""
"903185760685142016","","","2017-08-31 09:20:40 +0000","<a href=""http://www.twitpane.com"" rel=""nofollow"">TwitPane Android</a>","ä¸Šã‚Šåˆ—è»ŠãŒæ¥ãŸã®ã§æ€¥ã„ã§ãŸã®ã§æ’®ã‚Šã«è¡Œã£ãŸã€‚ã‚ãã¾ã§è¨˜å¿µæ’®å½±ãªã®ã§ã¡ã‚ƒã‚“ã¨æ’®ã‚Œã¦ã‚‹ã‹ã¯çŸ¥ã‚‰ãªã„","","","",""
"903184287146455040","","","2017-08-31 09:14:49 +0000","<a href=""http://www.twitpane.com"" rel=""nofollow"">TwitPane Android</a>","ã»ã‚ã‚ã™ã’ã‡ï¼ https://t.co/lfCOf8JvMA","","","","https://twitter.com/mecaota/status/903184287146455040/photo/1"
"903184289734336512","","","2017-08-31 09:14:49 +0000","<a href=""http://www.twitpane.com"" rel=""nofollow"">TwitPane Android</a>","å…ˆã«è¿‘ã„ãƒ›ãƒ¼ãƒ ã‹ã‚‰ã„ãã‹","","","",""
"903183881381134337","","","2017-08-31 09:13:12 +0000","<a href=""http://twitter.com/download/android"" rel=""nofollow"">Twitter for Android</a>","ãªã‚“ã ã“ã‚Œã¯â€¦ https://t.co/gXH86uHgyP","","","","https://twitter.com/mecaota/status/903183881381134337/photo/1"
"903183142000893952","","","2017-08-31 09:10:16 +0000","<a href=""http://twitter.com/download/android"" rel=""nofollow"">Twitter for Android</a>","æ–°å‹ã®acureè‡ªè²©æ©ŸãŒç½®ã‹ã‚Œã¦ãŸã‚Šã€æ–°å‹ã®LEDæ¡ˆå†…æ¿ãŒè¨­ç½®ã•ã‚Œã¦ãŸã‚Šã™ã‚‹è¾ºã€ä»Šã‚‚ç”Ÿãã¦ã‚‹é§…ãªã‚“ã ãªã¨æ„Ÿã˜ã•ã›ã¾ã™ã€‚JRåŒ—ã§ã¯ã“ã“ã¾ã§ã‚„ã‚‰ãªã„ãƒ»ã‚„ã‚Œãªã„ https://t.co/GPezTnJvMj","","","","https://twitter.com/mecaota/status/903183142000893952/photo/1,https://twitter.com/mecaota/status/903183142000893952/photo/1"
"903182219757338624","","","2017-08-31 09:06:36 +0000","<a href=""http://www.twitpane.com"" rel=""nofollow"">TwitPane Android</a>","é›°å›²æ°—ã¯ã‚‚ã¯ã‚„å»ƒå¢Ÿãã®ã‚‚ã®ã§ã™ãŒã€€ï¼ˆç¶šã https://t.co/or8EuboA0c","","","","https://twitter.com/mecaota/status/903182219757338624/photo/1,https://twitter.com/mecaota/status/903182219757338624/photo/1,https://twitter.com/mecaota/status/903182219757338624/photo/1,https://twitter.com/mecaota/status/903182219757338624/photo/1"
"903180869963304961","","","2017-08-31 09:01:14 +0000","<a href=""http://foursquare.com"" rel=""nofollow"">Foursquare</a>","I'm at åœŸåˆé§… - @jreast_official in ã¿ãªã‹ã¿ç”º, ç¾¤é¦¬çœŒ https://t.co/L6AUkmcGws","","","","https://www.swarmapp.com/c/0PHUvvFKbvM"
"903180669693693952","","","2017-08-31 09:00:26 +0000","<a href=""http://foursquare.com"" rel=""nofollow"">Foursquare</a>","æ®‹å¿µã§ã—ãŸ (@ è°·å·å²³ãƒ­ãƒ¼ãƒ—ã‚¦ã‚§ã‚¤ åœŸåˆå£é§… - @tenjindaira in ã¿ãªã‹ã¿ç”º, ç¾¤é¦¬çœŒ) https://t.co/vJ9q9tmNZk","","","","https://www.swarmapp.com/c/7uf8KjgcIwG"
"903178394493304834","","","2017-08-31 08:51:24 +0000","<a href=""http://www.twitpane.com"" rel=""nofollow"">TwitPane Android</a>","æ®‹å¿µã§ã—ãŸã€‚ãƒã‚¤ã‚«ãƒ¼è¦åˆ¶ã§ã™ https://t.co/aOA9DhSx8k","","","","https://twitter.com/mecaota/status/903178394493304834/photo/1,https://twitter.com/mecaota/status/903178394493304834/photo/1,https://twitter.com/mecaota/status/903178394493304834/photo/1"
"903172371988623362","","","2017-08-31 08:27:28 +0000","<a href=""http://twitcasting.tv/"" rel=""nofollow"">TwitCasting</a>","ãƒ¢ã‚¤ï¼Androidã‹ã‚‰ã‚­ãƒ£ã‚¹é…ä¿¡ä¸­ - https://t.co/0MrEIOF8Oc","","","","http://cas.st/17d611ab"
"903171849047220225","","","2017-08-31 08:25:23 +0000","<a href=""http://foursquare.com"" rel=""nofollow"">Foursquare</a>","é“ã®é§…ã¤ã£ãŸã‚‰ã“ã†ã§ãªãã¡ã‚ƒ (@ é“ã®é§… ã¿ãªã‹ã¿æ°´ç´€è¡Œé¤¨ in ã¿ãªã‹ã¿ç”º, ç¾¤é¦¬çœŒ) https://t.co/KxAohYtiE8","","","","https://www.swarmapp.com/c/68woEPnOrQA"
"903167884125278209","","","2017-08-31 08:09:38 +0000","<a href=""http://twitcasting.tv/"" rel=""nofollow"">TwitCasting</a>","ãƒ¢ã‚¤ï¼Androidã‹ã‚‰ã‚­ãƒ£ã‚¹é…ä¿¡ä¸­ - https://t.co/Ye2aiEw3VP","","","","http://cas.st/17d603c1"
"903167197123559424","","","2017-08-31 08:06:54 +0000","<a href=""http://www.twitpane.com"" rel=""nofollow"">TwitPane Android</a>","é“ã®é§…ãªã®ã«é“è·¯æƒ…å ±è¦‹ã‚‹å ´æ‰€ãªã„ã‚“ã ãŒ","","","",""
"903166287647473665","","","2017-08-31 08:03:17 +0000","<a href=""http://foursquare.com"" rel=""nofollow"">Foursquare</a>","å£²åº—çµ‚ã‚ã£ã¦ãŸw (@ é“ã®é§… æœˆå¤œé‡çŸ¢ç€¬è¦ªæ°´å…¬åœ’ in Minakami Machi, ç¾¤é¦¬çœŒ) https://t.co/3Jg8UAGLOb","","","","https://www.swarmapp.com/c/7Fs7si8UrXL"
"903152298196557824","","","2017-08-31 07:07:42 +0000","<a href=""http://twitcasting.tv/"" rel=""nofollow"">TwitCasting</a>","ãƒ¢ã‚¤ï¼Androidã‹ã‚‰ã‚­ãƒ£ã‚¹é…ä¿¡ä¸­ - https://t.co/Wzd4PF5Suq","","","","http://cas.st/17d5d4d0"
"903151200043909120","","","2017-08-31 07:03:20 +0000","<a href=""http://www.twitpane.com"" rel=""nofollow"">TwitPane Android</a>","ç´ æ https://t.co/CAVlTFqobf","","","","https://twitter.com/mecaota/status/903151200043909120/photo/1,https://twitter.com/mecaota/status/903151200043909120/photo/1"
"903148753720414208","","","2017-08-31 06:53:37 +0000","<a href=""http://foursquare.com"" rel=""nofollow"">Foursquare</a>","æ¡ˆå†…æ¿ã®ç½®ãæ–¹ãªã‚“ã¨ã‹ã—ã¦ãã‚Œã€‚ã‚ˆãã‚ã‹ã‚‰ãªã„ã¨ã“ã«æ­¢ã‚ã¦ã‚ã£ã¡ã‚ƒé ãã‹ã‚‰ã¿ã¦ãŸã‚ (@ ã‚„ã‚“ã°è¦‹æ”¾å° in é•·é‡åŸç”º, ç¾¤é¦¬çœŒ) https://t.co/vrqiThHe56","","","","https://www.swarmapp.com/c/0dbAE1ucoEr"
"903146657323204608","","","2017-08-31 06:45:17 +0000","<a href=""http://www.twitpane.com"" rel=""nofollow"">TwitPane Android</a>","é‰„é“ã¾ã§ä»˜ã‘æ›¿ãˆãŸã‚“ã ãªãã€‚ãã—ã¦é‰„é“è·¡ãŒå·¥äº‹é“è·¯ã«è»¢ç”¨ã•ã‚Œã¦ã¦èˆˆå‘³æ·±ã„","","","",""
"903146462179074048","","","2017-08-31 06:44:30 +0000","<a href=""http://www.twitpane.com"" rel=""nofollow"">TwitPane Android</a>","è²¯æ°´é‡ã‚ã¡ã‚ƒãã¡ã‚ƒå¤šããªã„ã§ã™ã‹ https://t.co/Y0UvfqcDoc","","","","https://twitter.com/mecaota/status/903146462179074048/photo/1"
"903145072920846337","","","2017-08-31 06:38:59 +0000","<a href=""http://foursquare.com"" rel=""nofollow"">Foursquare</a>","ä½•ã‹ã¨è©±é¡Œã®å…«ãƒƒå ´ãƒ€ãƒ ã«æ¥ã¾ã—ãŸ (@ å…«ãƒƒå ´ãƒ€ãƒ  in é•·é‡åŸç”º, ç¾¤é¦¬çœŒ) https://t.co/K7zTYNRQ1b","","","","https://www.swarmapp.com/c/fCHjYm1sKZm"
"903128115857113088","","","2017-08-31 05:31:36 +0000","<a href=""http://twitter.com/download/android"" rel=""nofollow"">Twitter for Android</a>","ãã‚Œã§ã‚‚30åˆ†ã—ã‹ä¼¸ã³ã¦ãªã„ã‚ãŸã‚Šè€ƒãˆã‚Œã°ã¾ãæ—©ã„ã‹","","","",""
"903128031383793664","","","2017-08-31 05:31:16 +0000","<a href=""http://twitter.com/download/android"" rel=""nofollow"">Twitter for Android</a>","åŒ—æµ·é“ãªã‚‰90åˆ†ã§è¾¿ã‚Šç€ãè·é›¢ãªã®ã«","","","",""
"903127988010496000","","","2017-08-31 05:31:06 +0000","<a href=""http://twitter.com/download/android"" rel=""nofollow"">Twitter for Android</a>","ã“ã®é•·ã„ã€œé•·ã„é“ã®ã‚Šã‚’ã€œâ™ª https://t.co/izWZQRQJOp","","","","https://twitter.com/mecaota/status/903127988010496000/photo/1"
"903126965346942976","","","2017-08-31 05:27:02 +0000","<a href=""http://twitter.com/download/android"" rel=""nofollow"">Twitter for Android</a>","å¸°ã‚Šã¯æ·±å¤œå‰²å¼•ã‚’æ´»ç”¨ã—ã¦é«˜é€Ÿã‚’ä½¿ã†äºˆå®š","","","",""
"903126870677323776","","","2017-08-31 05:26:39 +0000","<a href=""http://twitter.com/download/android"" rel=""nofollow"">Twitter for Android</a>","ã“ã®ã‚ã¨100kmä¸‹é“ã‚’æ›´ã«èµ°ã‚Šã¾ã™ã€‚æ¬¡ã®ç›®çš„ã«è¡Œãã«ã¯ã“ã“ã‹ã‚‰ã ã¨ä¸‹é“ã—ã‹ãªã„ã®ã§ã‚ã‚‹","","","",""
"903126258782896129","","","2017-08-31 05:24:14 +0000","<a href=""http://twitter.com/download/android"" rel=""nofollow"">Twitter for Android</a>","RT @ariken_japan: ã¨ã„ã†ã“ã¨ã§ã€2é€±é–“ã¨ã„ã†æ€’æ¶›ã®ã‚¹ã‚±ã‚¸ãƒ¥ãƒ¼ãƒ«ã®ä¸­ã€ç·èµ°è¡Œè·é›¢5413kmã®æ—¥æœ¬ä¸€å‘¨æ—…ã¯ç„¡äº‹æœ€çµ‚ç›®çš„åœ°å‡½é¤¨ã¾ã§è¾¿ã‚Šç€ãã“ã¨ãŒã§ãã¾ã—ãŸã€‚
ã—ã‹ã—ãƒ¬ãƒ³ã‚¿ã‚«ãƒ¼ã‚’è¿”ã™éš›ã«äºˆæƒ³å¤–ã®ã‚¢ã‚¯ã‚·ãƒ‡ãƒ³ãƒˆç™ºç”Ÿâ€¦â€¦!?ï¼ˆãŸã£ã¤ãƒ¼ï¼‰ https://t.co/YK8iâ€¦","902851765028044800","887567112146894849","2017-08-30 11:13:29 +0000","https://twitter.com/ariken_japan/status/902851765028044800/photo/1,https://twitter.com/ariken_japan/status/902851765028044800/photo/1"
"903126103161573376","","","2017-08-31 05:23:36 +0000","<a href=""http://twitter.com/download/android"" rel=""nofollow"">Twitter for Android</a>","ã¤ã‚‹ã£ã¨ç¾å‘³ã„ï¼","","","",""
"903125960056160256","","","2017-08-31 05:23:02 +0000","<a href=""http://twitter.com/download/android"" rel=""nofollow"">Twitter for Android</a>","RT @matsu_koma: å¾“æ¥­å“¡åŒå£«ã®ç§èªãŒæ°—ã«ãªã‚‹ã¨å¾¡æ„è¦‹ã‚’è³œã‚‹ã“ã¨ã€å…¨å›½ã®ã‚³ãƒ³ãƒ“ãƒ‹ã§ã‚ˆãã‚ã‚‹ã‚“ã§ã™ãŒã€ã€Œå”æšã’ã€ã„ãã¤æšã’ã‚Œã°è‰¯ã„ã§ã™ã‹ï¼Ÿã€ã€Œã“ã®æ™‚é–“å¸¯ã§ã™ã—ã€5ã¤æšã’ã¾ã—ã‚‡ã†ã€ã¨æ¥­å‹™é€£çµ¡ã‚’äº¤ã‚ã—ãŸã‚‰ã€ã€Œç§èªã‚’æ…ã‚ï¼ã€ã¨ãŠå®¢æ§˜ã«æ¿€æ€’ã•ã‚ŒãŸã®ã§ã€ãƒãƒªã‚¢ãƒ•ãƒªãƒ¼ã‚‚å…¼ã­ã¦ç­†è«‡â€¦","902868375734444032","134415895","2017-08-30 12:19:29 +0000",""
"903125577598615552","","","2017-08-31 05:21:31 +0000","<a href=""http://twitter.com/download/android"" rel=""nofollow"">Twitter for Android</a>","ãã—ã‚ã‚“ã®æ¯”ã˜ã‚ƒãªã„ https://t.co/qpkzJeS5HM","","","","https://twitter.com/mecaota/status/903125577598615552/photo/1"
"903125454684536833","","","2017-08-31 05:21:02 +0000","<a href=""http://twitter.com/download/android"" rel=""nofollow"">Twitter for Android</a>","é£Ÿã£ã¦ã¿ãŸéãã¦2æ¯ç›®é ¼ã‚“ã ã€‚ã²ã‚‚ã‹ã‚ã†ã©ã‚“ https://t.co/zmHbuByyCw","","","","https://twitter.com/mecaota/status/903125454684536833/photo/1"
"903124825383870465","","","2017-08-31 05:18:32 +0000","<a href=""http://foursquare.com"" rel=""nofollow"">Foursquare</a>","I'm at é“ã®é§… è‰æ´¥é‹å‹•èŒ¶å±‹å…¬åœ’ - @ulovekusatsu in è‰æ´¥ç”º, ç¾¤é¦¬çœŒ https://t.co/d9zSEhaQMb","","","","https://www.swarmapp.com/c/47130AQjkkn"
"903122144560693248","","","2017-08-31 05:07:53 +0000","<a href=""http://twitter.com/download/android"" rel=""nofollow"">Twitter for Android</a>","æ˜¼é£¯ã„ãŸã ãã¾ãƒ¼ã™ https://t.co/pJGckIfcCJ","","","","https://twitter.com/mecaota/status/903122144560693248/photo/1"
"903117806190727168","","","2017-08-31 04:50:38 +0000","<a href=""http://twitcasting.tv/"" rel=""nofollow"">TwitCasting</a>","ãƒ¢ã‚¤ï¼Androidã‹ã‚‰ã‚­ãƒ£ã‚¹é…ä¿¡ä¸­ - https://t.co/ldo6W1B6ap","","","","http://twitcasting.tv/mecaota"
"903117376618508288","","","2017-08-31 04:48:56 +0000","<a href=""http://twitcasting.tv/"" rel=""nofollow"">TwitCasting</a>","ãƒ¢ã‚¤ï¼Androidã‹ã‚‰ã‚­ãƒ£ã‚¹é…ä¿¡ä¸­ - https://t.co/xaeozro3Vz","","","","http://cas.st/17d57af8"
"903111325664010240","","","2017-08-31 04:24:53 +0000","<a href=""http://twitcasting.tv/"" rel=""nofollow"">TwitCasting</a>","ãƒ¢ã‚¤ï¼Androidã‹ã‚‰ã‚­ãƒ£ã‚¹é…ä¿¡ä¸­ - https://t.co/oyaLsDOBEi","","","","http://cas.st/17d57042"
"903110218866991105","","","2017-08-31 04:20:29 +0000","<a href=""http://foursquare.com"" rel=""nofollow"">Foursquare</a>","I'm at æ¯›ç„¡å³  in å¾å¦»éƒ¡å¬¬æ‹æ‘ / ä¸Šé«˜äº•éƒ¡é«˜å±±æ‘, ç¾¤é¦¬çœŒ / é•·é‡çœŒ https://t.co/vlMXiI6YGq","","","","https://www.swarmapp.com/c/f0y80RLIHnf"
"903110081658720256","","","2017-08-31 04:19:57 +0000","<a href=""http://foursquare.com"" rel=""nofollow"">Foursquare</a>","I'm at æ—¥æœ¬å›½é“æœ€é«˜åœ°ç‚¹ in ä¸­ä¹‹æ¡ç”º, ç¾¤é¦¬çœŒ https://t.co/rdbsOfhj6O","","","","https://www.swarmapp.com/c/4x39hkSFqDD"
"903108781776580608","","","2017-08-31 04:14:47 +0000","<a href=""http://twitter.com/download/android"" rel=""nofollow"">Twitter for Android</a>","ç§ã¯ä»Šã€ç¥ã‚ˆã‚ŠåŠ›ã‚’æˆã‹ã£ãŸï¼

&gt;&gt;&gt;&gt;ä½ç½®ã‚¨ãƒãƒ«ã‚®ãƒ¼&lt;&lt;&lt;&lt; https://t.co/QTgS62tkjy","","","","https://twitter.com/mecaota/status/903108781776580608/photo/1"
"903101282742812672","","","2017-08-31 03:44:59 +0000","<a href=""http://twitcasting.tv/"" rel=""nofollow"">TwitCasting</a>","ãƒ¢ã‚¤ï¼Androidã‹ã‚‰ã‚­ãƒ£ã‚¹é…ä¿¡ä¸­ - https://t.co/ObhqhaRorb","","","","http://cas.st/17d55c3a"
"903101096318590977","","","2017-08-31 03:44:14 +0000","<a href=""http://twitcasting.tv/"" rel=""nofollow"">TwitCasting</a>","ãƒ¢ã‚¤ï¼Androidã‹ã‚‰ã‚­ãƒ£ã‚¹é…ä¿¡ä¸­ - https://t.co/IWaPW5lmxD","","","","http://cas.st/17d55b9c"
"903097929539371008","","","2017-08-31 03:31:39 +0000","<a href=""http://twitcasting.tv/"" rel=""nofollow"">TwitCasting</a>","ãƒ¢ã‚¤ï¼Androidã‹ã‚‰ã‚­ãƒ£ã‚¹é…ä¿¡ä¸­ - https://t.co/ydluQTmebv","","","","http://cas.st/17d55687"
"903097413711183872","","","2017-08-31 03:29:36 +0000","<a href=""http://twitter.com/download/android"" rel=""nofollow"">Twitter for Android</a>","å‡ºç™ºã—ã¾ã™ https://t.co/eUXpc5cWmQ","","","","https://twitter.com/mecaota/status/903097413711183872/photo/1"
"903094360647991296","","","2017-08-31 03:17:28 +0000","<a href=""http://twitter.com/download/android"" rel=""nofollow"">Twitter for Android</a>","é•·é‡å´ã‚‚é•·é‡å´ã§ã™ã”ãæ™¯è‰²ãã‚Œã„ https://t.co/07oA6FomIi","","","","https://twitter.com/mecaota/status/903094360647991296/photo/1"
"903090550588358656","","","2017-08-31 03:02:20 +0000","<a href=""http://twitter.com/download/android"" rel=""nofollow"">Twitter for Android</a>","ã¡ãªã¿ã«å®Ÿéš›ã¯æ—¥æœ¬å›½æ”¿åºœãŒã‚°ãƒ³ãƒãƒ¼æ”¿åºœã«è¨±å¯ã‚’å¾—ã¦è¨­ç½®ã—ã¦ã‚‹ã¨æ€ã‚ã‚Œã‚‹é›¨é‡è¦³æ¸¬æ‰€ã§ã™ https://t.co/3P4IlS43QH","","","","https://twitter.com/mecaota/status/903090550588358656/photo/1"
"903090248430657536","","","2017-08-31 03:01:08 +0000","<a href=""http://twitter.com/download/android"" rel=""nofollow"">Twitter for Android</a>","ã¾ãšã„ã‚‚ã®ã‚’è¦‹ã¦ã—ã¾ã£ãŸã‹ã‚‚ã—ã‚Œãªã„â€¦ã‚°ãƒ³ãƒãƒ¼ãŒè¨­ç½®ã—ã¦ã„ã‚‹ä¸æ³•å…¥å›½è€…ç›£è¦–è£…ç½®ã®ã‚ˆã†ã â€¦å°„æ®ºã•ã‚Œã¦ã—ã¾ã†â€¦çŸ­ã„äººç”Ÿã ã£ãŸã‚ˆâ€¦ https://t.co/dkwZQTj1RV","","","","https://twitter.com/mecaota/status/903090248430657536/photo/1"
"903089213578424321","","","2017-08-31 02:57:01 +0000","<a href=""http://twitter.com/download/android"" rel=""nofollow"">Twitter for Android</a>","ã‚°ãƒ³ãƒãƒ¼ã€ã‚„ã¯ã‚Šæœªé–‹ã®åœ°ã®ã‚ˆã†ã§ã€è‡ªç„¶ã«æº¢ã‚Œã¦ã„ã‚‹ã‚ˆã†ã  https://t.co/KV3gg9Ox09","","","","https://twitter.com/mecaota/status/903089213578424321/photo/1"
"903088677894537216","","","2017-08-31 02:54:54 +0000","<a href=""http://twitter.com/download/android"" rel=""nofollow"">Twitter for Android</a>","ã‚°ãƒ³ãƒãƒ¼ç¾åœ°ã®æ°‘ãŒè¨˜ã—ãŸã¨æ€ã‚ã‚Œã‚‹çœ‹æ¿ https://t.co/pPoHTlodFT","","","","https://twitter.com/mecaota/status/903088677894537216/photo/1"
"903088192491986944","","","2017-08-31 02:52:58 +0000","<a href=""http://twitter.com/download/android"" rel=""nofollow"">Twitter for Android</a>","auã¨ãƒ‰ã‚³ãƒ¢ã ã‘é€šä¿¡ã‹ã‚ã†ã˜ã¦å¯èƒ½ https://t.co/7hJ82Eyfbj","","","","https://twitter.com/mecaota/status/903088192491986944/photo/1,https://twitter.com/mecaota/status/903088192491986944/photo/1"
"903087415576846336","","","2017-08-31 02:49:53 +0000","<a href=""http://twitter.com/download/android"" rel=""nofollow"">Twitter for Android</a>","ã‚°ãƒ³ãƒãƒ¼å›½å¢ƒã«åˆ°ç€ã€‚ https://t.co/yiXVOZYd3D","","","","https://twitter.com/mecaota/status/903087415576846336/photo/1"
"903083928457666560","","","2017-08-31 02:36:01 +0000","<a href=""http://twitcasting.tv/"" rel=""nofollow"">TwitCasting</a>","ãƒ¢ã‚¤ï¼Androidã‹ã‚‰ã‚­ãƒ£ã‚¹é…ä¿¡ä¸­ - https://t.co/WumghKdJoJ","","","","http://cas.st/17d53df7"
"903080552592375808","","","2017-08-31 02:22:36 +0000","<a href=""http://twitcasting.tv/"" rel=""nofollow"">TwitCasting</a>","ãƒ¢ã‚¤ï¼Androidã‹ã‚‰ã‚­ãƒ£ã‚¹é…ä¿¡ä¸­ - https://t.co/Z1CIJgQi8L","","","","http://cas.st/17d5381f"
"903078440265433089","","","2017-08-31 02:14:13 +0000","<a href=""http://www.twitpane.com"" rel=""nofollow"">TwitPane Android</a>","æ°—ã‚’ã¤ã‘ãªãã‚ƒâ€¦è‡ªçœã—ã¾ã™","","","",""
"903078374414761984","","","2017-08-31 02:13:57 +0000","<a href=""http://www.twitpane.com"" rel=""nofollow"">TwitPane Android</a>","ãƒˆãƒ©ãƒƒã‚¯ãŒã‚ã¾ã‚Šã«é“è­²ã‚‰ãšã¨ã‚ã¨ã‚èµ°ã£ã¦ã‚‹ã®ã«è…¹ãŒç«‹ã£ãŸã¨ã¯ã„ãˆã€ã‚„ã£ã¦ã¯ã„ã‘ãªã„èµ°ã‚Šæ–¹ã‚’ã—ã¦ã—ã¾ã£ãŸâ€¦","","","",""
"903078236036374528","","","2017-08-31 02:13:24 +0000","<a href=""http://www.twitpane.com"" rel=""nofollow"">TwitPane Android</a>","ã‚‚ã†å°‘ã—ã§äº‹æ•…ã‚‹ã¨ã“ã‚ã ã£ãŸâ€¦","","","",""
"903077353198297088","","","2017-08-31 02:09:54 +0000","<a href=""http://twitcasting.tv/"" rel=""nofollow"">TwitCasting</a>","ãƒ¢ã‚¤ï¼Androidã‹ã‚‰ã‚­ãƒ£ã‚¹é…ä¿¡ä¸­ - https://t.co/T5dvE2MG8w","","","","http://cas.st/17d530d6"
"903070341114638336","","","2017-08-31 01:42:02 +0000","<a href=""http://twitcasting.tv/"" rel=""nofollow"">TwitCasting</a>","ãƒ¢ã‚¤ï¼Androidã‹ã‚‰ã‚­ãƒ£ã‚¹é…ä¿¡ä¸­ - https://t.co/T0CpJH3tmA","","","","http://cas.st/17d52897"
"903064043803385857","","","2017-08-31 01:17:00 +0000","<a href=""http://www.twitpane.com"" rel=""nofollow"">TwitPane Android</a>","ã“ã®ã‚½ãƒ•ãƒˆã‚¯ãƒªãƒ¼ãƒ â€¦ï½³ï¾ï½²ï½¯!","","","",""
"903063986014347264","","","2017-08-31 01:16:47 +0000","<a href=""http://www.twitpane.com"" rel=""nofollow"">TwitPane Android</a>","ã¯ã¡ã¿ã¤ã‚½ãƒ•ãƒˆ https://t.co/W0HmtLlgNU","","","","https://twitter.com/mecaota/status/903063986014347264/photo/1"
"903061416923430914","","","2017-08-31 01:06:34 +0000","<a href=""http://www.twitpane.com"" rel=""nofollow"">TwitPane Android</a>","RT @ayumu_kun2005: ä»Šå›ã®ãƒŸã‚µã‚¤ãƒ«ç™ºå°„ã«å¯¾ã™ã‚‹ä¸å…šã¨é‡å…šã®å¯¾å¿œã€‚6æ™‚åŠç¾åœ¨

é‡å…šã¯å¯ã¦ã‚“ã®ã‹ï¼Ÿ
#éå¸¸æ™‚ã«å‚™ãˆã‚’ #ãƒŸã‚µã‚¤ãƒ« https://t.co/e6GYQv54X1","902284785204117505","340501865","2017-08-28 21:40:31 +0000","https://twitter.com/ayumu_kun2005/status/902284785204117505/photo/1,https://twitter.com/ayumu_kun2005/status/902284785204117505/photo/1,https://twitter.com/ayumu_kun2005/status/902284785204117505/photo/1,https://twitter.com/ayumu_kun2005/status/902284785204117505/photo/1,https://twitter.com/ayumu_kun2005/status/902284785204117505/photo/1,https://twitter.com/ayumu_kun2005/status/902284785204117505/photo/1"
"903060965163274240","","","2017-08-31 01:04:46 +0000","<a href=""http://www.twitpane.com"" rel=""nofollow"">TwitPane Android</a>","RT @eneco300: ã‚¿ã‚±ã‚·&amp;ã‚«ã‚¹ãƒŸå†ç™»å ´ãŠã‚ã§ã¨ãƒ¼ï¼ https://t.co/1y8i9LYPhL","902895302364897284","779092801157943296","2017-08-30 14:06:29 +0000","https://twitter.com/eneco300/status/902895302364897284/photo/1,https://twitter.com/eneco300/status/902895302364897284/photo/1"
"903060372860551168","","","2017-08-31 01:02:25 +0000","<a href=""http://twitter.com/download/android"" rel=""nofollow"">Twitter for Android</a>","ãã†ã„ãˆã°æ¸©æ³‰å¤§å¥½ãç‹å…ˆè¼©ã¯è‰æ´¥æ¥ãŸã“ã¨ã‚ã‚‹ã®ã‹ãª","","","",""
"903060140735086592","","","2017-08-31 01:01:30 +0000","<a href=""http://twitter.com/download/android"" rel=""nofollow"">Twitter for Android</a>","æ¸©æ³‰åµã„ãŸã ãã¾ãƒ¼ã™ https://t.co/2rycq2wVqF","","","","https://twitter.com/mecaota/status/903060140735086592/photo/1"
"903059400767574016","","","2017-08-31 00:58:33 +0000","<a href=""http://twitter.com/download/android"" rel=""nofollow"">Twitter for Android</a>","ãŠã†é…¸æ€§ã æ¸©æ³‰é…¸ã£ã±ã„","","","",""
"903058929697128453","","","2017-08-31 00:56:41 +0000","<a href=""http://foursquare.com"" rel=""nofollow"">Foursquare</a>","ã¾ãŸæ¥ã‚ˆã† (@ è‰æ´¥æ¸©æ³‰ æ¹¯ç•‘ in è‰æ´¥ç”º, ç¾¤é¦¬çœŒ) https://t.co/1kiSLASb66","","","","https://www.swarmapp.com/c/hgpDQ7HRCBM"
"903058672095444993","","","2017-08-31 00:55:40 +0000","<a href=""http://twitter.com/download/android"" rel=""nofollow"">Twitter for Android</a>","åœŸç”£ã«ã—ã‚ˆ","","","",""
"903058653191667712","","","2017-08-31 00:55:35 +0000","<a href=""http://twitter.com/download/android"" rel=""nofollow"">Twitter for Android</a>","é¥…é ­ã†ã‚ã‡â€¦ã‚ã‚“ã“ã®ã“ã†ç”˜ã•ã¨ã‹ã®åŠ æ¸›ãŒçµ¶å¦™ã â€¦","","","",""
"903058553572696064","","","2017-08-31 00:55:11 +0000","<a href=""http://twitter.com/download/android"" rel=""nofollow"">Twitter for Android</a>","è¶³æ¹¯ã§æ¸©æ³‰ã£ã¦æ„Ÿã˜ã®ã‚‚ã®ã‚’é£Ÿã™ https://t.co/FnfrB7SH13","","","","https://twitter.com/mecaota/status/903058553572696064/photo/1"
"903048983060156416","","","2017-08-31 00:17:10 +0000","<a href=""http://twitter.com/download/android"" rel=""nofollow"">Twitter for Android</a>","æ¥µé™ç’°å¢ƒå¾®ç”Ÿç‰©ã®è‰æ´¥ã®è—»ã ï¼ˆï¼‰

ã“ã®è—»ã¯è‰æ´¥ã®æ¸©æ³‰ã§ã—ã‹ç”Ÿãã‚‰ã‚Œãªã„ã€ã§ã‚‚å¸¸è­˜çš„ã«è€ƒãˆã¦ä»–ã®ç”Ÿç‰©ã¯ã“ã®ç’°å¢ƒä¸‹ã§ç”Ÿãã‚‰ã‚Œãªã„ã®ã§ç”Ÿå­˜ç’°å¢ƒã‚’ç‹¬å ã§ãã‚‹ã®ã  https://t.co/OHVeAUQUeg","","","","https://twitter.com/mecaota/status/903048983060156416/photo/1"
"903048971186126848","","","2017-08-31 00:17:07 +0000","<a href=""http://twitter.com/download/android"" rel=""nofollow"">Twitter for Android</a>","çŸ¥ã‚‰ã‚“ã‘ã©","","","",""
"903046503391870976","","","2017-08-31 00:07:18 +0000","<a href=""http://twitter.com/download/android"" rel=""nofollow"">Twitter for Android</a>","æ¸©æ³‰ã®æ»â™¨ https://t.co/16pEDNQvzb","","","","https://twitter.com/mecaota/status/903046503391870976/photo/1"
"903046090810826752","","","2017-08-31 00:05:40 +0000","<a href=""http://twitter.com/download/android"" rel=""nofollow"">Twitter for Android</a>","ã‚¤ãƒãƒ£ã‚¤ãƒãƒ£ https://t.co/DV5UMPOTxV","","","","https://twitter.com/mecaota/status/903046090810826752/video/1"
"903045664774303744","903037367027503108","4907637746","2017-08-31 00:03:58 +0000","<a href=""http://twitter.com/download/android"" rel=""nofollow"">Twitter for Android</a>","@snow_eternity_ ãƒ¬ãƒ³ã‚¿ã‚«ãƒ¼å€Ÿã‚Šã¦é–¢æ±æ—…è¡Œãªã†","","","",""
"903044647202717696","","","2017-08-30 23:59:56 +0000","<a href=""http://foursquare.com"" rel=""nofollow"">Foursquare</a>","æœ€é«˜ã§ã—ãŸã€‚ãŠä¸–è©±ã«ãªã‚Šã¾ã—ãŸ (@ ãƒšãƒ³ã‚·ãƒ§ãƒ³ ãƒã‚¤ã‚¦ã‚§ãƒ¼ in è‰æ´¥ç”º, ç¾¤é¦¬çœŒ) https://t.co/IE3W9POJ8i","","","","https://www.swarmapp.com/c/kP8gCnePQtY"
"903031164184563712","902932369887248384","4907637746","2017-08-30 23:06:21 +0000","<a href=""http://twitter.com/download/android"" rel=""nofollow"">Twitter for Android</a>","@snow_eternity_ å¤§é˜ªã„ãŸã‚“ã‹w

ä¿ºã ã£ã¦ã“ã“ã¾ã§å¥½æ¡ä»¶ãªã¨ã“ãŒå®¿æ³Šå½“æ—¥ã«è¦‹ã¤ã‹ã‚‹ã¨ã¯æ€ã£ã¦ã‚‚ãªã‹ã£ãŸã‚ˆww","","","",""
"902907785431490561","","","2017-08-30 14:56:05 +0000","<a href=""http://twitter.com/download/android"" rel=""nofollow"">Twitter for Android</a>","æ·±å¤œå‰²å¼•ã«ã‚®ãƒªã‚®ãƒªæ›ã‹ã‚‹ã‚ˆã†ã«SAã§ã²ã¾ã¤ã¶ã—ã¾ã™","","","",""
"902907662668402688","","","2017-08-30 14:55:36 +0000","<a href=""http://twitter.com/download/android"" rel=""nofollow"">Twitter for Android</a>","æ˜æ—¥è¡Œã‘ã‚‹ã‹çŸ¥ã‚‰ã‚“ã‘ã©è¡Œãã‹ã‚‚ã—ã‚Œãªã„ã¨ã“
ãƒ»è‰æ´¥æ¸©æ³‰æºæ³‰
ãƒ»ã‚°ãƒ³ãƒãƒ¼å›½å¢ƒ
ãƒ»å›½é“æœ€é«˜åœ°ç‚¹
ãƒ»ç™½æ ¹å±±å±•æœ›å°
ãƒ»åœŸåˆé§…
ãƒ»æ¸…æ°´å³ ç‚¹ç·šå›½é“å…¥ã‚Šå£
ãƒ»ã„ã‚ã¯å‚
ãƒ»æ—¥å…‰æ±ç…§å®®

æ—¥å…‰ã‚’22æ™‚å‰å¾Œã«åŸ¼ç‰æ–¹é¢ã¸å‘ã‘å‡ºç™ºãŒç†æƒ³","","","",""